mom_cohort,mom_tag,pup_cohort,pup_tag
BB(2),169,WW(2),1
LB(2),1,YO(1),1
OY(1),51,FB(1),1
OY(1),51,LB(2),1
OY(1),51,GW(2),1
PG(1),128,GG(2),1
RW(1),3,BB(3),1
YY(2),491,RW(1),1
BF(1),388,GW(2),2
GG(2),38,YY(3),2
OB(2),3,GG(2),2
PG(1),18,BB(3),2
PG(1),287,RW(1),2
YY(2),491,WW(2),2
YY(2),491,LB(2),2
GR(1),17,LB(2),3
OB(2),163,YO(1),3
YY(2),88,GW(2),3
YY(2),216,FB(1),3
BB(2),73,GW(2),4
BB(2),95,FB(1),4
LB(2),463,GR(2),4
YY(2),448,LB(2),4
BB(2),49,FB(1),5
BB(2),49,LB(2),5
OB(1),34,PG(1),5
OB(2),52,GG(2),5
OY(1),317,GW(2),5
GR(2),283,BB(3),6
GW(2),298,OB(2),6
LB(2),139,YO(1),6
OB(2),69,WB(2),6
PG(1),321,RW(1),6
RW(1),363,OO(3),6
WB(2),32,YY(3),6
YO(1),216,WW(2),6
YP(1),57,GW(2),6
BB(2),257,YO(1),7
FB(1),388,GG(2),7
GW(2),37,OB(2),7
OB(1),394,GW(2),7
OB(2),3,WB(2),7
PP(2),321,PG(1),7
RR(2),68,LB(2),7
RW(1),167,YY(3),7
YO(1),377,WW(2),7
GR(2),90,YY(3),8
GW(2),37,PG(1),8
OB(1),74,OB(2),8
OB(2),3,RW(1),8
OB(2),69,OO(3),8
OB(2),69,WW(2),8
FB(1),133,RW(1),9
GW(1),206,GW(2),9
GW(2),37,YO(1),9
LB(2),139,WB(2),9
YO(1),6,YY(3),9
FB(1),388,BB(3),10
FB(1),388,OO(3),10
GR(2),177,WB(2),10
OO(2),91,PG(1),10
PP(2),293,GR(2),10
RW(1),148,YY(3),10
YY(2),6,LB(2),10
YY(2),119,GW(2),10
BB(2),169,GG(2),11
FB(1),427,PG(1),11
GR(2),221,WB(2),11
LB(2),139,OO(3),11
PG(1),24,WW(2),11
RR(2),111,LB(2),11
WW(2),436,YY(3),11
YY(2),39,GR(2),11
BB(2),97,GW(2),12
GR(2),61,GG(2),12
GW(2),274,GR(2),12
OB(2),37,YO(1),12
RR(2),289,LB(2),12
WB(2),506,BB(3),12
YO(1),481,OO(3),12
YY(2),198,FB(1),12
BB(2),264,WB(2),13
OB(2),328,GG(2),13
OO(2),157,FB(1),13
RW(1),507,BB(3),13
WB(2),91,OO(3),13
YY(2),9,GR(2),13
YY(2),216,GW(2),13
FB(1),401,BB(3),14
OB(2),60,WW(2),14
OB(2),100,YO(1),14
PG(1),293,GG(2),14
RR(2),71,FB(1),14
YP(1),57,LB(2),14
BP(1),22,LB(2),15
PG(1),153,GG(2),15
PP(2),186,PG(1),15
WB(1),60,OB(2),15
OB(1),74,LB(2),16
RR(2),423,FB(1),16
YO(1),157,YY(3),16
YY(2),6,GR(2),16
YY(2),289,PG(1),16
BB(2),264,PG(1),17
GR(1),17,FB(1),17
PG(1),293,OO(3),17
PP(2),374,OB(2),17
GR(2),45,GG(2),18
RR(2),101,GR(2),18
YY(2),9,LB(2),18
YY(2),218,PG(1),18
OO(2),75,GW(2),19
OO(2),117,OB(2),19
PG(1),24,GG(2),19
YP(1),57,FB(1),19
YY(2),198,LB(2),19
FB(1),356,YO(1),20
FB(1),401,OO(3),20
GR(1),444,OB(2),20
GR(2),499,WB(2),20
LB(2),139,PG(1),20
FB(1),47,YO(1),21
LB(2),146,GG(2),21
OB(2),52,WW(2),21
OB(2),60,OO(3),21
OO(2),157,LB(2),21
OO(2),406,RW(1),21
YY(2),289,OB(2),21
FB(1),321,PG(1),22
GR(2),461,GG(2),22
OO(2),100,GR(2),22
OO(2),168,LB(2),22
PG(1),287,OO(3),22
PP(2),125,OB(2),22
YO(1),53,BB(3),22
LB(2),240,GR(2),23
YY(2),491,GG(2),23
GG(1),57,GW(2),24
OB(2),60,YY(3),24
OB(2),502,YO(1),24
OO(2),406,PG(1),24
YY(2),403,LB(2),24
LB(2),146,YO(1),25
OB(2),328,YY(3),25
PO(1),223,FB(1),25
BB(2),264,YO(1),26
FB(1),401,PG(1),26
GW(2),50,OB(2),26
PP(2),109,FB(1),26
RW(1),224,OO(3),26
GR(1),17,OB(2),27
GR(1),444,FB(1),27
GW(2),37,GR(2),27
OB(2),163,GG(2),27
OO(2),406,WB(2),27
RW(1),437,YY(3),27
BB(2),169,YO(1),28
GW(2),344,WB(2),28
OB(1),74,FB(1),28
OY(1),197,PG(1),28
OY(1),317,LB(2),28
PG(1),18,WW(2),28
OB(2),427,GG(2),29
RR(2),116,YO(1),29
YO(1),5,YY(3),29
YY(2),137,LB(2),29
YY(2),260,FB(1),29
YY(2),289,WB(2),29
GG(1),34,OB(2),30
GR(2),322,WB(2),30
OB(2),60,GG(2),30
OO(2),21,LB(2),30
OY(1),197,YO(1),30
RR(2),116,RW(1),30
RR(2),217,PG(1),30
WB(2),506,WW(2),30
YY(2),491,FB(1),30
BB(2),169,RW(1),31
BB(2),257,OB(2),31
GW(2),413,GR(2),31
LB(2),58,YO(1),31
PG(1),241,GG(2),31
PO(1),223,LB(2),31
RW(1),376,YY(3),31
BB(2),79,GW(2),32
GR(2),278,OO(3),32
GW(2),427,PG(1),32
LB(2),203,WW(2),32
RW(1),452,YY(3),32
WR(1),93,FB(1),32
YY(2),480,OB(2),32
FB(1),372,PG(1),33
FB(1),388,WW(2),33
GR(2),419,WB(2),33
PG(1),374,GG(2),33
RR(2),91,YO(1),33
WB(2),511,OO(3),33
BP(1),21,GW(2),34
GG(1),57,FB(1),34
GR(2),90,OO(3),34
OO(2),406,GG(2),34
PP(2),57,OB(2),34
YY(2),289,GR(2),34
BB(2),95,OB(2),35
LB(2),139,WW(2),35
PG(1),43,GG(2),35
WW(1),78,RW(1),35
BB(2),61,GW(2),36
LB(2),31,GR(2),36
OB(2),60,YO(1),36
PG(1),153,YY(3),36
PO(1),43,PG(1),36
YO(1),215,WW(2),36
YY(2),198,OB(2),36
GR(1),444,LB(2),37
GR(2),75,WW(2),37
LB(2),343,RW(1),37
PP(2),333,FB(1),37
OB(1),213,FB(1),38
WB(2),15,OO(3),38
YY(2),24,GW(2),38
BP(1),22,GW(2),39
FB(1),401,GG(2),39
OB(2),468,WB(2),39
YP(1),354,LB(2),39
YY(2),87,OB(2),39
OB(1),165,FB(1),40
OB(2),62,YO(1),40
FB(1),401,WW(2),41
LB(2),296,GG(2),41
YY(2),26,LB(2),41
YY(2),289,GW(2),41
FB(1),401,RW(1),42
PO(1),223,GW(2),42
WW(1),372,LB(2),42
GW(2),344,RW(1),43
LB(2),296,YO(1),43
PG(1),401,WW(2),43
PP(2),58,OB(2),43
WB(2),318,OO(3),43
GR(2),247,WB(2),44
GW(2),344,GG(2),44
OB(1),74,GW(2),44
OB(1),165,OB(2),44
OO(2),100,PG(1),44
BF(1),118,GW(2),45
FB(1),293,YO(1),45
OB(1),394,LB(2),45
OB(2),427,OO(3),45
OO(2),15,FB(1),45
PG(1),348,GG(2),45
YO(1),3,WW(2),45
YO(1),481,BB(3),45
BP(1),358,GW(2),46
LB(2),25,GG(2),46
WB(1),209,LB(2),46
YY(2),403,FB(1),46
GR(1),444,GW(2),47
OO(2),157,OB(2),47
PO(1),162,LB(2),47
RR(2),423,YO(1),47
RW(1),437,BB(3),47
YY(2),240,PG(1),47
BB(2),99,GW(2),48
LB(2),310,PG(1),48
PP(2),190,FB(1),48
PP(2),321,GG(2),48
YO(1),1,YY(3),48
YO(1),377,BB(3),48
FB(1),97,PG(1),49
RR(2),289,OB(2),49
WB(1),60,GW(2),49
WW(1),58,FB(1),49
OO(2),267,OB(2),50
OO(2),294,LB(2),50
YO(1),290,GG(2),50
GR(2),236,WB(2),51
LB(2),25,PG(1),51
RR(2),364,OB(2),51
LB(2),25,OO(3),52
RR(2),276,FB(1),52
RW(1),120,YY(3),52
WR(1),93,OB(2),52
PP(2),186,WB(2),53
RR(2),91,GR(2),53
YY(2),39,PG(1),53
GG(1),331,LB(2),54
GW(2),344,YY(3),54
GW(2),344,WW(2),54
LB(2),296,WB(2),54
PP(2),196,OB(2),54
RW(1),107,BB(3),54
WB(2),510,OO(3),54
WW(1),78,YO(1),54
BP(1),22,FB(1),55
LB(2),25,WW(2),55
LB(2),78,OO(3),55
LB(2),313,PG(1),55
RR(2),423,WB(2),55
BP(1),81,FB(1),56
GR(2),283,GG(2),56
OB(2),511,WB(2),56
PP(2),321,OB(2),56
YP(1),234,GW(2),56
FB(1),57,GG(2),57
LB(2),25,GR(2),57
LB(2),306,PG(1),57
PP(2),430,OB(2),57
RW(1),314,OO(3),57
BB(2),49,OB(2),58
LB(2),25,YO(1),58
LB(2),94,GR(2),58
LB(2),25,RW(1),59
PP(2),230,OB(2),59
RW(1),427,BB(3),59
YY(2),87,FB(1),59
OO(2),15,OB(2),60
WW(1),372,GW(2),60
OB(1),74,GR(2),61
WW(1),78,OO(3),61
FB(1),356,GG(2),62
LB(2),78,WB(2),62
RW(1),482,OO(3),62
GG(2),208,YY(3),63
LB(2),300,PG(1),63
OB(2),103,YO(1),63
RR(2),405,OB(2),63
YP(1),169,GW(2),63
GW(2),245,RW(1),64
PP(2),452,GG(2),64
WR(1),107,OB(2),64
YY(2),198,WB(2),64
OB(2),287,RW(1),65
OB(2),367,WB(2),65
OO(2),274,LB(2),65
RR(2),246,OB(2),65
WB(1),209,GW(2),65
YO(1),338,WW(2),65
BB(2),31,GW(2),66
GR(2),246,WB(2),66
GW(2),428,YO(1),66
YY(2),289,LB(2),66
GR(2),286,RW(1),67
LB(1),92,LB(2),67
OY(1),73,GW(2),67
RR(2),91,OB(2),67
WW(1),78,GG(2),67
FB(1),466,YO(1),68
LB(2),276,WB(2),68
PG(1),401,OO(3),68
YY(2),272,GW(2),68
LB(2),190,GR(2),69
OB(2),139,RW(1),69
PG(1),32,OO(3),69
YO(1),465,WW(2),69
GW(2),340,GR(2),70
OB(2),357,WB(2),70
PP(2),131,FB(1),70
RW(1),388,OO(3),70
GW(2),50,GR(2),71
LB(2),419,PG(1),71
OO(2),406,OB(2),71
PO(1),252,FB(1),71
BB(2),326,LB(2),72
GG(1),98,GW(2),72
GR(2),432,WW(2),72
RW(1),107,YY(3),72
GR(2),61,OO(3),73
GW(2),160,OB(2),73
LB(2),395,YO(1),73
WR(1),152,GW(2),73
YY(2),218,GR(2),73
BP(1),81,OB(2),74
LB(2),307,PG(1),74
OB(2),67,OO(3),74
WW(1),61,LB(2),74
OB(2),67,BB(3),75
OB(2),103,GG(2),75
OO(2),91,GR(2),75
PP(2),42,PG(1),75
YY(2),416,GW(2),75
FB(1),186,WB(2),76
GR(2),464,WB(2),77
RR(2),217,GR(2),77
WB(2),81,OO(3),78
YO(1),29,WW(2),78
PG(1),29,OO(3),79
PP(2),147,OB(2),79
WW(1),61,GR(2),79
OO(2),276,OB(2),80
PG(1),17,GG(2),80
PP(2),400,PG(1),80
RR(2),91,FB(1),80
YO(1),287,OO(3),80
YO(1),465,BB(3),80
YY(2),67,YO(1),80
YY(2),87,LB(2),80
BB(2),408,GW(2),81
RW(1),378,BB(3),81
BB(2),264,LB(2),82
LB(2),248,YO(1),82
OB(2),287,OO(3),82
OO(2),21,GW(2),82
RR(2),450,FB(1),82
BP(1),55,LB(2),83
GR(2),167,GG(2),83
OO(2),274,GW(2),83
RW(1),452,BB(3),83
BP(1),396,OB(2),84
GG(1),94,GR(2),84
LB(2),78,GG(2),84
WB(2),32,BB(3),84
YO(1),287,WW(2),84
OB(2),496,YO(1),85
PG(1),407,GG(2),85
WW(1),78,GR(2),85
YY(2),448,FB(1),85
PO(1),252,GW(2),86
PP(2),282,OB(2),86
WW(2),357,YY(3),86
YO(1),264,GG(2),86
YY(2),242,LB(2),86
PP(2),374,FB(1),87
RW(1),308,OO(3),87
WB(1),378,GW(2),87
OB(2),67,GG(2),88
OB(2),287,WB(2),88
PO(1),162,FB(1),88
RW(1),224,YY(3),88
FB(1),434,WB(2),89
RR(2),435,PG(1),89
RR(2),478,RW(1),89
RR(2),478,YO(1),89
WW(1),311,GW(2),89
YO(1),8,OO(3),89
GR(2),90,BB(3),90
GW(2),486,PG(1),90
LB(2),67,WB(2),90
LB(2),309,RW(1),90
OB(1),159,OB(2),90
LB(2),233,WB(2),91
LB(2),246,RW(1),91
OB(2),67,WW(2),91
YY(2),137,FB(1),91
GR(1),123,FB(1),92
GW(2),160,WB(2),92
LB(2),233,GG(2),92
PG(1),29,GG(2),93
YY(2),323,FB(1),93
BB(2),245,OB(2),94
BP(1),81,GW(2),94
GR(2),90,WW(2),94
PG(1),32,GG(2),94
PP(2),42,YO(1),94
PP(2),452,PG(1),94
RR(2),127,FB(1),94
FB(1),464,PG(1),95
YO(1),51,WW(2),95
YY(2),40,FB(1),95
PP(2),265,FB(1),96
PP(2),342,OB(2),96
WW(1),78,PG(1),96
OB(1),159,GW(2),97
FB(1),293,WB(2),98
GW(2),83,GR(2),98
PG(1),153,BB(3),98
WB(1),258,OB(2),98
WR(1),93,LB(2),98
RW(1),58,YY(3),99
GW(2),486,YO(1),100
OB(2),495,RW(1),100
BB(2),245,GW(2),101
FB(1),434,YO(1),101
GG(1),34,LB(2),101
GW(2),278,GG(2),101
WB(2),191,YY(3),101
FB(1),348,YO(1),102
GG(2),132,YY(3),102
LB(2),233,WW(2),102
OB(1),55,PG(1),102
OB(1),170,GW(2),102
RR(2),76,GR(2),102
YY(2),216,LB(2),102
OB(2),391,RW(1),103
OO(2),406,GW(2),103
RR(2),468,PG(1),103
YY(2),87,YO(1),103
GG(2),208,BB(3),104
GR(2),432,OO(3),104
RR(2),15,FB(1),104
GR(2),173,WW(2),105
GR(2),272,WB(2),105
PP(2),432,RW(1),105
WB(2),80,OO(3),105
YY(2),218,OB(2),105
BB(2),97,YO(1),106
GR(1),444,GR(2),106
LB(2),25,WB(2),106
PG(1),311,YY(3),106
RW(1),468,BB(3),106
GW(2),431,PG(1),107
RR(2),274,LB(2),107
RR(2),478,GG(2),107
YY(2),480,FB(1),107
GR(2),286,GG(2),108
OO(2),267,LB(2),108
PG(1),54,WW(2),109
FB(1),536,WB(2),110
GR(2),419,WW(2),110
LB(2),67,PG(1),110
RR(2),364,GR(2),110
BP(1),358,GR(2),111
GR(2),355,GG(2),111
WW(1),78,WW(2),111
OO(2),406,YO(1),112
RW(1),149,BB(3),112
YY(2),186,LB(2),112
BB(2),409,FB(1),113
LB(2),117,YO(1),113
PO(1),224,GR(2),113
PP(2),432,PG(1),113
WB(2),253,OO(3),113
WB(2),499,WW(2),113
WR(1),110,GW(2),113
BP(1),358,FB(1),114
GR(2),419,RW(1),114
GW(2),283,PG(1),114
PP(2),321,YO(1),114
YY(2),198,GW(2),114
YY(2),358,GR(2),114
BB(2),37,GW(2),115
BB(2),409,GR(2),115
BP(1),184,LB(2),115
YY(2),491,YO(1),115
BB(2),376,GW(2),116
GR(2),174,RW(1),117
LB(2),1,PG(1),117
OB(1),165,LB(2),117
WB(1),60,WB(2),117
WW(1),157,FB(1),117
BB(2),264,FB(1),118
LB(2),435,RW(1),118
OB(1),237,PG(1),118
PO(1),251,LB(2),118
RR(2),206,GR(2),118
GG(1),34,PG(1),119
LB(2),78,YY(3),119
RR(2),61,OB(2),119
WB(1),60,GR(2),119
YY(2),6,YO(1),119
GW(2),44,PG(1),120
OB(2),47,YO(1),120
OY(1),31,FB(1),120
BB(2),190,FB(1),121
BB(2),239,LB(2),121
BP(1),396,GG(2),121
LB(2),1,BB(3),121
OB(2),218,OO(3),121
PG(1),128,WW(2),121
WW(2),258,YY(3),121
YY(2),6,PG(1),121
YY(2),137,OB(2),121
GG(2),48,BB(3),122
LB(2),1,OO(3),122
OB(1),170,FB(1),122
OB(2),37,WW(2),122
OB(2),70,WB(2),122
OB(2),218,GG(2),122
RR(2),127,GR(2),122
RW(1),332,YY(3),122
WW(1),372,OB(2),122
GG(1),331,OB(2),123
OB(1),170,PG(1),123
OB(2),37,GG(2),123
OB(2),218,BB(3),123
PP(2),78,GR(2),123
YO(1),146,OO(3),123
YY(2),6,YY(3),123
BP(1),33,GW(2),124
FB(1),454,YO(1),124
GW(2),121,PG(1),124
OB(2),37,YY(3),124
OO(2),11,LB(2),124
RR(2),450,OB(2),124
WB(2),191,BB(3),124
BB(2),54,LB(2),125
FB(1),57,YO(1),125
PG(1),128,BB(3),125
PG(1),128,YY(3),125
YO(1),371,GG(2),125
BB(2),255,FB(1),126
GG(2),145,YY(3),126
PP(2),293,WB(2),126
PP(2),413,OB(2),126
WB(2),166,BB(3),126
WB(2),285,OO(3),126
YO(1),5,GG(2),126
BB(2),71,FB(1),127
BB(2),189,LB(2),127
PG(1),128,OO(3),127
PG(1),439,WW(2),127
PO(1),162,GR(2),127
RW(1),185,BB(3),127
WW(2),473,YY(3),127
BB(2),220,FB(1),128
LB(2),1,YY(3),128
OO(2),267,GW(2),128
YY(2),24,LB(2),128
YY(2),491,PG(1),128
WB(1),60,YO(1),129
WW(2),134,YY(3),129
YY(2),220,GR(2),129
YY(2),289,FB(1),129
FB(1),393,YO(1),130
PO(1),162,OB(2),130
PO(1),183,GW(2),130
PP(2),349,GR(2),130
RR(2),101,FB(1),130
WB(1),60,GG(2),130
WR(1),93,PG(1),130
YO(1),6,OO(3),130
BB(2),264,GW(2),131
GG(2),400,BB(3),131
LB(2),117,PG(1),131
PP(2),31,GG(2),131
PP(2),31,GR(2),131
RR(2),283,FB(1),131
BB(2),97,PG(1),132
GR(2),174,GG(2),132
GW(2),57,GR(2),132
YY(2),480,LB(2),132
BB(2),255,LB(2),133
BP(1),55,YO(1),133
BP(1),358,OB(2),133
FB(1),47,PG(1),133
LB(2),149,WB(2),133
OB(2),215,GG(2),133
RR(2),15,GR(2),133
BF(1),118,OB(2),134
GG(1),176,LB(2),134
OB(2),69,GG(2),134
OO(2),133,GR(2),134
WW(1),61,YO(1),134
WW(1),372,OO(3),134
YY(2),87,PG(1),134
BB(2),169,FB(1),135
FB(1),304,WB(2),135
OB(1),170,YO(1),135
PG(1),18,GG(2),135
RR(2),73,OB(2),135
WB(1),378,LB(2),135
YO(1),53,OO(3),135
BB(2),95,YO(1),136
BB(2),409,OB(2),136
BP(1),55,PG(1),136
GG(1),261,GW(2),136
GR(2),231,RW(1),136
GR(2),283,YY(3),136
OB(2),60,WB(2),136
WW(1),372,BB(3),136
YY(2),39,LB(2),136
GG(2),205,YY(3),137
OB(2),163,WB(2),137
PG(1),287,GG(2),137
RR(2),111,FB(1),137
YY(2),448,OB(2),137
OB(2),49,GG(2),138
OB(2),218,WB(2),138
WB(2),421,YY(3),138
BB(2),408,WW(2),139
OO(2),70,GW(2),139
PP(2),131,OB(2),139
RR(2),246,YO(1),139
YO(1),184,OO(3),139
BB(2),95,GW(2),140
LB(2),117,WB(2),140
YY(2),463,BB(3),140
YY(2),463,YY(3),140
FB(1),137,YO(1),141
GW(2),67,GR(2),141
OB(2),37,RW(1),141
OB(2),46,WB(2),141
PG(1),337,OO(3),141
WW(1),229,GW(2),141
YO(1),116,YY(3),141
YY(2),6,GG(2),141
BP(1),27,RW(1),142
GR(2),308,GG(2),142
LB(1),96,FB(1),142
LB(2),44,PG(1),142
PP(2),323,OB(2),142
YO(1),6,BB(3),142
GW(2),44,GR(2),143
OO(2),336,GW(2),143
YY(2),6,RW(1),143
YY(2),6,WB(2),143
BB(2),257,FB(1),144
RR(2),405,WB(2),144
WB(2),189,OO(3),144
BB(2),220,GW(2),145
GG(2),16,YY(3),145
PG(1),250,BB(3),145
PG(1),337,GG(2),145
WR(1),93,YO(1),145
BB(2),245,GG(2),146
RW(1),148,BB(3),146
YO(1),53,WW(2),146
YY(2),20,GR(2),146
BB(2),245,FB(1),147
OB(1),165,YO(1),147
WR(1),93,WB(2),147
YO(1),378,WW(2),147
GG(2),180,BB(3),148
GR(2),373,OO(3),148
GR(2),461,YY(3),148
PO(1),162,PG(1),148
RR(2),376,LB(2),148
FB(1),393,PG(1),149
GR(2),140,BB(3),149
PG(1),470,WW(2),149
PP(2),40,GG(2),149
RR(2),101,OB(2),149
YO(1),73,OO(3),149
PP(2),40,WB(2),150
PP(2),40,YO(1),150
RR(2),61,PG(1),150
RW(1),58,BB(3),150
GW(2),255,YO(1),151
OB(2),514,RW(1),151
WB(2),58,WW(2),151
YO(1),32,BB(3),151
YY(2),358,LB(2),151
BB(2),257,GW(2),152
RR(2),116,WB(2),152
GW(2),136,WB(2),153
OB(2),46,OO(3),153
OB(2),371,YO(1),153
WW(1),372,PG(1),153
GG(2),156,YY(3),154
GW(2),121,YO(1),154
WW(1),58,OB(2),154
YY(2),104,LB(2),154
GW(1),506,LB(2),155
OB(2),46,RW(1),155
RR(2),274,FB(1),155
WB(1),60,PG(1),155
YO(1),146,GG(2),155
BP(1),27,OB(2),156
BP(1),55,WB(2),156
GR(1),76,YY(3),156
OB(2),84,GG(2),156
OB(2),287,BB(3),156
FB(1),348,WB(2),157
GG(2),222,BB(3),157
PG(1),439,GG(2),157
RR(2),11,FB(1),157
WB(2),280,OO(3),157
WW(1),227,YO(1),157
BB(2),255,OB(2),158
OY(1),288,FB(1),158
PG(1),169,GG(2),158
PP(2),413,GR(2),158
RR(2),116,BB(3),158
RW(1),240,OO(3),158
YY(2),220,LB(2),158
FB(1),427,WB(2),159
GW(2),427,YO(1),159
OB(2),46,YY(3),159
WB(2),496,OO(3),159
YO(1),64,GG(2),159
GG(1),72,GW(2),160
OB(2),223,YO(1),160
FB(1),380,PG(1),161
FB(1),451,WB(2),161
GG(2),232,BB(3),161
RR(2),389,OB(2),161
WB(2),173,WW(2),161
WR(1),157,LB(2),161
GR(2),326,WB(2),162
LB(2),124,PG(1),162
OB(2),427,RW(1),162
OY(1),73,YO(1),162
RW(1),221,OO(3),162
YY(2),190,OB(2),162
GR(2),174,YY(3),163
GW(2),186,PG(1),163
LB(2),24,GR(2),163
OY(1),96,LB(2),163
RR(2),116,PG(1),164
RR(2),116,OB(2),164
GW(2),83,PG(1),165
GW(2),340,OB(2),165
LB(2),338,GR(2),165
PO(1),224,GW(2),165
YY(2),432,FB(1),165
FB(1),427,GG(2),166
WW(2),232,YY(3),166
YO(1),525,OO(3),166
FB(1),173,WB(2),167
LB(2),149,YO(1),167
LB(2),160,GG(2),167
LB(2),263,PG(1),167
OO(2),133,LB(2),167
RR(2),376,OB(2),167
WW(1),380,GR(2),167
YY(2),104,GW(2),167
FB(1),27,YO(1),168
OO(2),336,FB(1),168
WB(2),189,YY(3),168
WW(1),396,LB(2),168
BB(2),409,GW(2),169
WB(2),242,OO(3),169
YO(1),116,BB(3),169
BB(2),326,GR(2),170
BB(2),409,YO(1),170
GR(2),140,YY(3),170
GR(2),219,WB(2),170
GW(2),466,PG(1),170
GW(2),466,OB(2),170
PG(1),18,OO(3),170
RR(2),61,LB(2),170
YO(1),113,GG(2),170
FB(1),304,YO(1),171
GW(2),37,WB(2),171
GW(2),344,PG(1),171
PG(1),399,GG(2),171
RR(2),247,OB(2),171
WB(2),169,BB(3),171
YY(2),318,LB(2),171
RR(2),101,WB(2),172
RR(2),127,YO(1),172
RW(1),291,YY(3),172
WW(1),350,OB(2),172
YY(2),26,GW(2),172
FB(1),137,WB(2),173
GG(2),117,YY(3),173
GW(2),186,OB(2),174
PP(2),58,WB(2),174
WW(1),372,YO(1),174
YO(1),258,OO(3),174
YO(1),362,WW(2),174
LB(2),149,WW(2),175
PP(2),186,OB(2),175
GR(2),326,RW(1),176
RR(2),450,GR(2),176
BB(2),264,OB(2),177
GR(2),270,OO(3),177
LB(2),203,YO(1),177
RR(2),61,GR(2),177
WW(1),227,LB(2),177
YO(1),32,WW(2),177
BB(2),143,GR(2),178
BP(1),139,LB(2),178
GG(2),386,YY(3),178
YY(2),550,BB(3),178
BB(2),37,PG(1),179
GR(2),444,OO(3),179
LB(2),435,YO(1),179
OO(2),91,LB(2),179
WB(2),37,BB(3),179
YO(1),8,YY(3),179
FB(1),228,YO(1),180
GR(2),297,RW(1),180
OB(1),285,FB(1),180
YO(1),5,WW(2),180
YY(2),40,LB(2),180
BB(2),245,WB(2),181
BP(1),184,YO(1),181
GW(2),278,OB(2),181
GW(2),418,YY(3),181
GW(2),430,GR(2),181
PG(1),370,GG(2),181
WB(2),32,WW(2),181
YY(2),237,PG(1),181
BB(2),169,PG(1),182
FB(1),137,RW(1),182
PG(1),281,OO(3),182
PP(2),58,YO(1),182
YY(2),260,OB(2),182
FB(1),137,PG(1),183
GG(1),57,YO(1),183
GG(2),5,BB(3),183
OB(2),84,WB(2),183
OO(2),28,LB(2),183
PO(1),252,OB(2),183
PP(2),131,GR(2),183
WB(2),381,YY(3),183
BB(2),18,OB(2),184
YY(2),33,WB(2),184
BB(2),257,PG(1),185
BP(1),275,GG(2),185
LB(2),9,WB(2),185
PG(1),311,WW(2),185
PP(2),137,OB(2),185
RR(2),247,OO(3),185
WB(2),173,BB(3),185
GW(2),150,OB(2),186
OB(1),285,PG(1),186
OB(2),28,WW(2),186
RW(1),178,YY(3),186
WW(1),372,GG(2),186
YY(2),198,OO(3),186
OB(2),301,WB(2),187
PP(2),186,YO(1),187
GR(2),404,WB(2),188
GW(2),451,GR(2),188
RW(1),265,BB(3),188
WW(1),117,FB(1),188
YY(2),20,LB(2),188
YY(2),480,PG(1),188
BB(2),189,FB(1),189
LB(2),384,GR(2),189
PG(1),18,YY(3),189
PP(2),279,GG(2),189
RR(2),423,WW(2),189
WW(1),227,WB(2),189
YY(2),189,PG(1),189
BB(2),245,OO(3),190
GW(2),225,GR(2),190
OB(2),363,YO(1),190
YY(2),6,OB(2),190
GR(2),173,GG(2),191
GR(2),518,WB(2),191
OB(2),331,YO(1),191
FB(1),221,WB(2),192
GR(2),270,YY(3),192
OB(2),49,YO(1),192
YY(2),10,GW(2),192
FB(1),11,WW(2),193
RW(1),265,YY(3),193
WW(1),259,YO(1),193
YY(2),127,LB(2),193
RR(2),376,YO(1),194
YO(1),379,GG(2),194
YY(2),254,LB(2),194
BP(1),396,YO(1),195
FB(1),11,RW(1),195
GR(2),444,YY(3),195
YO(1),8,GG(2),195
YY(2),70,PG(1),195
YY(2),448,GR(2),195
BB(2),18,FB(1),196
BB(2),326,WB(2),196
GR(2),278,YY(3),196
LB(2),279,PG(1),196
WR(1),264,OO(3),196
FB(1),57,OO(3),197
FB(1),133,GG(2),197
LB(2),174,PG(1),197
YY(2),33,YO(1),197
GG(2),306,YY(3),198
GR(2),140,WB(2),198
LB(2),149,RW(1),198
PO(1),163,GW(2),198
YO(1),1,BB(3),198
YY(2),260,LB(2),198
GR(2),173,RW(1),199
OY(1),96,GW(2),199
YY(2),240,GR(2),199
GG(1),57,PG(1),200
GW(2),136,YO(1),200
OB(1),34,FB(1),200
YY(2),91,LB(2),200
YY(2),432,OB(2),200
YY(2),463,WB(2),200
FB(1),11,YY(3),201
GR(2),5,RW(1),201
PP(2),54,OB(2),201
RR(2),127,WB(2),201
RW(1),373,OO(3),201
YY(2),24,FB(1),201
FB(1),269,WB(2),202
RR(2),101,YO(1),202
WB(2),538,BB(3),202
WW(1),127,LB(2),202
YO(1),258,YY(3),202
YY(2),40,OB(2),202
BP(1),55,GR(2),203
PP(2),359,OB(2),203
RW(1),364,OO(3),203
YY(2),198,YO(1),203
GW(2),255,PG(1),204
PG(1),4,GG(2),204
RR(2),275,LB(2),204
YY(2),193,GR(2),204
LB(1),92,OB(2),205
PG(1),250,OO(3),205
RR(2),423,GR(2),205
RW(1),203,BB(3),205
GG(1),331,GW(2),206
GR(2),140,RW(1),206
OB(2),229,OO(3),206
OO(2),91,OB(2),206
BB(2),25,GW(2),207
OB(2),244,WB(2),207
WR(1),110,PG(1),207
BP(1),184,PG(1),208
GR(2),174,OO(3),208
GW(2),340,YO(1),208
OB(2),119,WB(2),208
PG(1),470,BB(3),208
YY(2),432,YY(3),208
BB(2),18,GR(2),209
OB(2),28,GG(2),209
PO(1),43,FB(1),209
YY(2),20,GW(2),209
YY(2),119,YO(1),209
YY(2),550,RW(1),209
BB(2),349,OB(2),210
LB(2),353,YO(1),210
OB(1),159,PG(1),210
WW(1),58,GR(2),210
YO(1),5,BB(3),210
GR(2),141,WB(2),211
PG(1),178,GG(2),211
RR(2),247,YY(3),211
WW(1),298,OB(2),211
YY(2),190,GR(2),211
GR(2),326,GG(2),212
PP(2),131,YO(1),212
YO(1),129,BB(3),212
PP(2),413,YO(1),213
YY(2),463,OO(3),213
GG(1),104,FB(1),214
WB(2),496,YY(3),214
YY(2),240,LB(2),214
FB(1),388,WB(2),215
FB(1),492,YO(1),215
GW(2),94,PG(1),215
OO(2),100,LB(2),215
WB(2),538,OO(3),215
WW(1),380,OB(2),215
YY(2),467,GW(2),215
BP(1),282,GW(2),216
GR(2),182,WW(2),216
LB(2),353,WB(2),216
OB(2),229,YO(1),216
RR(2),364,PG(1),216
BB(2),102,OB(2),217
GR(2),75,GG(2),217
GW(2),93,GR(2),217
OY(1),31,LB(2),217
PG(1),293,YY(3),217
PO(1),224,PG(1),217
YY(2),491,WB(2),217
OO(2),406,GR(2),218
PP(2),186,YY(3),218
PP(2),293,YO(1),218
WW(1),61,FB(1),218
BB(2),326,PG(1),219
GW(2),186,GR(2),219
OB(2),522,GG(2),219
PG(1),231,BB(3),219
PG(1),451,RW(1),219
PP(2),279,WB(2),219
BB(2),257,GR(2),220
FB(1),401,YO(1),220
RR(2),148,WB(2),220
WB(2),282,OO(3),220
WR(1),33,LB(2),220
LB(2),58,WW(2),221
YO(1),107,OO(3),221
YY(2),237,GG(2),221
LB(2),44,YO(1),222
OB(2),328,WB(2),222
OO(2),236,GW(2),222
PG(1),401,RW(1),222
PP(2),269,OB(2),222
YY(2),550,OO(3),222
BB(2),71,LB(2),223
BP(1),139,GW(2),223
LB(2),79,GR(2),223
PG(1),311,GG(2),223
WB(1),209,OB(2),223
WB(2),410,BB(3),223
YY(2),20,YO(1),223
BB(2),143,GG(2),224
FB(1),400,PG(1),224
OB(2),229,WB(2),224
OB(2),507,RW(1),224
RR(2),127,OB(2),224
RR(2),217,YO(1),224
WW(2),135,YY(3),224
BB(2),25,OB(2),225
BB(2),95,GR(2),225
WB(2),173,OO(3),225
YY(2),190,LB(2),226
FB(1),402,WB(2),227
GG(2),48,YY(3),227
OY(1),164,GW(2),227
YY(2),432,GG(2),227
YY(2),491,GR(2),227
BB(2),326,YO(1),228
FB(1),47,WB(2),228
BP(1),105,GW(2),229
GR(2),236,GG(2),229
GR(2),480,RW(1),229
OB(2),529,WB(2),229
YY(2),392,LB(2),229
BB(2),272,GW(2),230
BB(2),97,GR(2),231
BB(2),102,YO(1),231
OB(2),529,RW(1),231
YY(2),237,OB(2),231
GW(2),255,GR(2),232
OB(2),514,YO(1),232
RR(2),24,FB(1),232
WB(2),442,WW(2),232
WB(2),32,OO(3),234
YY(2),70,FB(1),234
YO(1),304,GG(2),235
YY(2),67,FB(1),235
FB(1),269,YO(1),236
GR(2),404,RW(1),236
PP(2),31,OB(2),236
WB(1),103,WB(2),236
YY(2),67,LB(2),236
BB(2),37,LB(2),237
BB(2),190,GR(2),237
OB(2),328,RW(1),237
OO(2),133,OB(2),237
PG(1),433,GG(2),237
PP(2),131,PG(1),237
RW(1),451,YY(3),237
BB(2),49,GR(2),238
PO(1),264,LB(2),238
YO(1),5,OO(3),238
FB(1),11,GG(2),239
LB(2),419,RW(1),239
PG(1),370,OO(3),239
RR(2),76,YO(1),239
BP(1),33,GG(2),240
GR(2),182,OO(3),240
GW(2),418,WB(2),240
WR(1),264,FB(1),240
YY(2),220,OB(2),240
YY(2),323,GW(2),240
GG(1),44,LB(2),241
GG(2),446,YY(3),241
GR(2),343,RW(1),241
PG(1),247,GG(2),241
YY(2),20,PG(1),241
YY(2),189,WB(2),241
RR(2),364,YO(1),242
RR(2),405,GR(2),242
GR(2),373,RW(1),243
LB(2),1,GR(2),243
OO(2),28,OB(2),243
PO(1),385,YO(1),243
WB(2),538,YY(3),243
YY(2),188,LB(2),243
PG(1),247,OO(3),244
YY(2),9,FB(1),244
YY(2),33,GG(2),244
FB(1),57,WB(2),245
GR(2),174,BB(3),245
YY(2),66,GG(2),245
OB(2),175,YO(1),246
OO(2),70,LB(2),246
RR(2),466,FB(1),246
LB(2),310,YO(1),247
PG(1),281,GG(2),247
RR(2),127,PG(1),247
BB(2),18,LB(2),248
LB(2),146,PG(1),248
YO(1),377,YY(3),248
BB(2),102,PG(1),249
BB(2),102,FB(1),249
GW(2),432,YY(3),249
LB(2),9,GR(2),249
RR(2),196,OB(2),249
YY(2),9,YO(1),249
BP(1),184,GR(2),250
LB(2),124,YO(1),250
BB(2),408,OB(2),251
GR(2),278,WB(2),251
GW(2),298,GR(2),251
OB(2),28,WB(2),252
RR(2),24,YO(1),252
WB(1),259,GW(2),252
LB(2),300,YO(1),253
OO(2),91,FB(1),253
RR(2),405,GG(2),253
YO(1),491,YY(3),253
GR(2),270,RW(1),254
LB(2),58,PG(1),254
OB(1),189,LB(2),254
RR(2),148,FB(1),254
YY(2),550,GG(2),254
GW(2),459,GR(2),255
OY(1),73,FB(1),255
PP(2),279,PG(1),255
YO(1),491,BB(3),255
YY(2),189,LB(2),255
FB(1),289,PG(1),256
OB(2),185,WB(2),256
RR(2),217,FB(1),256
YO(1),129,YY(3),256
YO(1),371,OO(3),256
BP(1),396,GW(2),257
GW(2),340,PG(1),257
OB(2),84,RW(1),257
YY(2),20,OO(3),257
YY(2),432,LB(2),257
FB(1),302,PG(1),258
PP(2),400,OB(2),258
YY(2),169,GR(2),258
YY(2),169,GW(2),258
BB(2),245,RW(1),259
GW(2),136,GR(2),259
PG(1),231,OO(3),259
YY(2),448,PG(1),259
GG(1),104,OB(2),260
GR(2),317,WB(2),260
LB(2),435,OO(3),260
OO(2),286,GW(2),260
OB(2),331,RW(1),261
PP(2),87,OB(2),261
PP(2),279,OO(3),261
LB(2),146,RW(1),262
PP(2),267,FB(1),262
RR(2),430,LB(2),262
FB(1),490,RW(1),263
LB(2),58,GG(2),263
PP(2),293,PG(1),263
RW(1),172,BB(3),263
WW(2),32,YY(3),263
BB(2),245,LB(2),264
GW(2),121,GR(2),264
GW(2),253,YO(1),264
PG(1),247,YY(3),264
YY(2),33,RW(1),264
LB(2),312,PG(1),265
PG(1),231,YY(3),266
WW(1),127,YO(1),266
BB(2),408,OO(3),267
FB(1),186,PG(1),267
GW(2),225,OB(2),267
OB(2),218,YY(3),267
OB(2),390,YO(1),267
BB(2),37,GR(2),268
PP(2),186,BB(3),268
YO(1),228,GG(2),268
YY(2),104,YO(1),268
BB(2),95,PG(1),269
GG(1),57,GR(2),269
PG(1),401,GG(2),269
PO(1),43,OB(2),269
PO(1),264,YO(1),269
FB(1),57,PG(1),270
GG(2),189,YY(3),270
GR(2),246,RW(1),270
YY(2),133,FB(1),270
YY(2),432,GR(2),270
BB(2),51,YO(1),271
GG(1),97,GW(2),271
LB(2),248,WW(2),271
OB(2),196,WB(2),271
OO(2),336,LB(2),271
PP(2),452,OB(2),271
OB(2),522,WB(2),272
PG(1),451,GG(2),272
WW(1),157,GR(2),272
YY(2),237,OO(3),272
OB(2),488,WB(2),273
OB(2),529,GG(2),273
PG(1),37,RW(1),273
PP(2),279,YY(3),273
RR(2),247,YO(1),273
WB(2),40,WW(2),273
YO(1),459,GG(2),274
YY(2),20,FB(1),274
OB(2),163,RW(1),275
WB(2),365,YY(3),275
FB(1),186,RW(1),276
PG(1),379,GG(2),276
YY(2),70,LB(2),276
GR(2),90,GG(2),277
LB(2),114,PG(1),277
WB(2),410,OO(3),277
BP(1),33,GR(2),278
LB(2),286,YO(1),278
RR(2),247,WB(2),278
GG(2),509,YY(3),279
OO(2),332,GW(2),279
RR(2),283,GR(2),279
YY(2),9,OB(2),279
OO(2),276,GR(2),280
YY(2),237,YO(1),280
BB(2),143,RW(1),281
FB(1),289,GG(2),281
GG(2),411,YY(3),281
PP(2),58,GR(2),281
WB(2),235,OO(3),281
BP(1),33,RW(1),282
FB(1),173,PG(1),282
WB(2),381,BB(3),282
WW(1),117,GW(2),282
YY(2),240,OB(2),282
YY(2),432,WB(2),282
GR(2),182,GG(2),283
LB(2),94,PG(1),283
OB(1),285,GW(2),283
OB(2),84,YO(1),283
RR(2),252,FB(1),283
RW(1),74,OO(3),283
GG(2),206,YY(3),284
OB(2),49,WB(2),284
OY(1),73,GG(2),284
WW(1),157,GW(2),284
YY(2),260,GR(2),284
OO(2),258,FB(1),285
PG(1),54,GG(2),285
YO(1),210,OO(3),285
OB(2),482,WB(2),286
OY(1),96,FB(1),286
PP(2),67,BB(3),286
BB(2),51,PG(1),287
LB(2),419,GG(2),287
LB(2),435,YY(3),287
OO(2),133,FB(1),287
PP(2),147,GR(2),287
PP(2),349,OB(2),287
GR(2),179,GG(2),288
LB(2),114,YO(1),288
LB(2),402,PG(1),288
WW(1),259,GR(2),288
YO(1),185,BB(3),288
GG(1),44,YO(1),289
OO(2),28,FB(1),289
YY(2),104,PG(1),289
LB(2),435,GG(2),290
YY(2),169,OB(2),290
YY(2),220,FB(1),290
OB(2),67,WB(2),291
PO(1),252,GR(2),291
RR(2),148,YY(3),291
YY(2),193,OB(2),291
GW(2),110,GR(2),292
LB(2),402,YO(1),292
RR(2),376,WB(2),292
WB(2),413,OO(3),292
GW(2),3,GR(2),293
WW(1),350,YO(1),293
BB(2),169,GR(2),294
BB(2),349,LB(2),294
LB(2),272,PG(1),294
PG(1),250,GG(2),294
PP(2),147,RW(1),294
YO(1),1,OO(3),294
YO(1),338,YY(3),294
BP(1),282,FB(1),295
PG(1),153,OO(3),295
PP(2),450,OB(2),295
WW(1),350,PG(1),295
BB(2),25,FB(1),296
OO(2),169,OB(2),296
PG(1),504,RW(1),296
RR(2),246,PG(1),296
RW(1),233,YY(3),296
WB(2),166,OO(3),296
YY(2),20,GG(2),296
OB(2),28,YO(1),297
PP(2),203,GR(2),297
RR(2),244,OB(2),297
RW(1),168,OO(3),297
WW(1),298,LB(2),297
WW(1),380,FB(1),297
YY(2),33,PG(1),297
BB(2),286,FB(1),298
FB(1),490,WB(2),298
PP(2),333,OB(2),298
FB(1),186,YO(1),299
GG(1),331,FB(1),299
BB(2),255,GR(2),300
OB(2),318,YO(1),300
PG(1),311,BB(3),300
YO(1),32,YY(3),300
PG(1),434,GG(2),301
WR(1),336,LB(2),301
GW(2),209,OB(2),302
PP(2),58,PG(1),302
RW(1),404,BB(3),302
WB(2),243,OO(3),302
YY(2),432,YO(1),302
BB(2),102,GG(2),303
FB(1),165,YO(1),303
FB(1),228,WB(2),303
LB(2),300,GR(2),303
LB(2),306,OO(3),303
LB(2),9,YO(1),304
OO(2),258,LB(2),304
WB(2),40,OO(3),304
YO(1),185,GG(2),304
YY(2),33,OB(2),304
YY(2),242,PG(1),304
YY(2),358,FB(1),304
OB(2),199,BB(3),305
PO(1),227,FB(1),305
RR(2),116,GR(2),305
WB(1),259,YO(1),305
GG(1),72,LB(2),306
LB(2),78,RW(1),306
PG(1),268,WW(2),306
YY(2),432,PG(1),306
YY(2),463,GG(2),306
BP(1),33,PG(1),307
FB(1),427,YO(1),307
RR(2),376,GR(2),307
RR(2),430,OB(2),307
BP(1),33,YO(1),308
LB(2),248,RW(1),308
OB(2),367,WW(2),308
PG(1),236,GG(2),308
PO(1),43,LB(2),308
FB(1),57,WW(2),309
GR(2),296,WB(2),309
OB(2),229,GG(2),309
RR(2),405,YO(1),309
YY(2),242,OB(2),309
YY(2),480,GR(2),309
RR(2),24,RW(1),310
YO(1),307,BB(3),310
YY(2),67,GR(2),310
YY(2),193,YO(1),310
GR(2),89,WB(2),311
OO(2),227,LB(2),311
PG(1),229,GG(2),311
BB(2),246,OB(2),312
GR(2),78,WB(2),312
OO(2),276,YO(1),312
RW(1),256,YY(3),312
YY(2),193,PG(1),312
YY(2),237,FB(1),312
GW(2),466,GR(2),313
LB(2),114,RW(1),313
PP(2),147,PG(1),313
YO(1),3,YY(3),313
GG(1),225,LB(2),314
LB(2),418,YO(1),314
RW(1),376,OO(3),314
WW(1),157,PG(1),314
BB(2),190,PG(1),315
BB(2),198,OB(2),315
GR(2),444,BB(3),315
OB(2),507,GG(2),315
RR(2),247,GR(2),315
GW(2),428,GG(2),316
RR(2),98,FB(1),316
RR(2),470,OB(2),316
YY(2),198,GR(2),316
GW(2),297,GR(2),317
LB(2),418,OO(3),317
RR(2),469,FB(1),317
BB(2),408,LB(2),318
FB(1),57,RW(1),318
GR(2),386,GG(2),318
OO(2),169,FB(1),318
PO(1),344,PG(1),318
WB(2),282,YY(3),318
YY(2),432,OO(3),318
RR(2),24,GR(2),319
WB(1),103,GG(2),319
WW(1),127,PG(1),319
YY(2),348,LB(2),319
OB(2),287,YO(1),320
PP(2),77,RW(1),320
GG(1),44,FB(1),321
GG(1),57,OB(2),321
LB(2),146,WB(2),321
PG(1),355,GG(2),321
PG(1),425,OO(3),321
BB(2),245,PG(1),322
GG(2),218,YY(3),322
LB(2),67,GR(2),322
OB(2),279,GG(2),322
OB(2),390,OO(3),322
YY(2),9,WB(2),322
YY(2),189,OB(2),322
FB(1),173,YO(1),323
RR(2),389,FB(1),323
BP(1),27,PG(1),324
FB(1),445,RW(1),324
GW(2),270,OB(2),324
RR(2),111,GR(2),324
YY(2),133,WB(2),324
FB(1),468,OO(3),325
GW(2),418,YO(1),325
LB(2),225,GR(2),325
BB(2),213,FB(1),326
BB(2),302,LB(2),326
FB(1),302,YO(1),326
RW(1),527,OO(3),326
WW(1),78,GW(2),326
YY(2),198,PG(1),326
GG(2),538,YY(3),327
RR(2),79,GR(2),327
RR(2),148,YO(1),327
BB(2),408,RW(1),328
OB(2),456,YO(1),328
RR(2),430,FB(1),328
YY(2),133,LB(2),328
BB(2),143,YO(1),329
PG(1),4,OO(3),329
FB(1),469,YO(1),330
GW(2),418,PG(1),330
RW(1),256,BB(3),330
WB(2),281,OO(3),330
FB(1),97,YO(1),331
GR(2),179,WB(2),331
OB(1),285,OB(2),331
YO(1),29,OO(3),331
GG(2),462,BB(3),332
GR(2),108,WB(2),332
GR(2),283,WW(2),332
PP(2),279,YO(1),332
FB(1),271,YO(1),333
OB(2),215,WB(2),333
RR(2),430,GR(2),333
BB(2),303,LB(2),334
OB(2),443,YO(1),334
RR(2),423,GG(2),334
WB(2),283,WW(2),334
YY(2),242,FB(1),334
BB(2),286,LB(2),335
BP(1),368,GW(2),335
LB(2),395,GG(2),335
PG(1),348,OO(3),335
RW(1),507,YY(3),335
WB(2),318,BB(3),335
YY(2),66,PG(1),335
WW(1),127,FB(1),336
GG(1),44,PG(1),337
LB(2),435,WB(2),337
PP(2),20,FB(1),337
RR(2),244,GR(2),337
RR(2),343,YO(1),337
WB(2),312,OO(3),337
FB(1),11,PG(1),338
LB(2),313,GG(2),338
PO(1),344,FB(1),338
RW(1),497,OO(3),338
WB(1),259,PG(1),339
BP(1),312,LB(2),340
FB(1),41,PG(1),340
LB(2),160,WB(2),340
PP(2),180,OB(2),340
WW(1),298,GR(2),340
GG(1),44,GR(2),341
GR(2),432,GG(2),341
OB(2),459,WB(2),341
RR(2),405,FB(1),341
BB(2),408,GR(2),342
GG(1),335,LB(2),342
OB(2),321,GG(2),342
GW(2),181,PG(1),343
GW(2),245,GR(2),343
YO(1),51,GG(2),343
GW(2),229,GR(2),344
GW(2),430,YO(1),344
RR(2),247,PG(1),344
RR(2),483,LB(2),344
PG(1),311,OO(3),345
WB(2),253,YY(3),345
WW(1),380,LB(2),345
GW(2),430,WB(2),346
LB(2),248,GG(2),346
LB(2),395,PG(1),346
RR(2),127,LB(2),346
WB(2),433,OO(3),346
WR(1),264,OB(2),346
YY(2),66,GW(2),346
YY(2),189,FB(1),346
BP(1),33,OB(2),347
FB(1),165,PG(1),347
GG(2),206,BB(3),347
OY(1),288,PG(1),348
PG(1),314,GG(2),348
PP(2),452,WW(2),348
WR(1),253,LB(2),348
YY(2),70,OB(2),348
FB(1),337,PG(1),349
OO(2),258,OB(2),349
PP(2),321,OO(3),349
OO(2),176,OB(2),350
RR(2),24,OB(2),351
RW(1),469,OO(3),351
WB(2),169,YY(3),351
GW(2),297,PG(1),352
OB(2),229,RW(1),352
WB(2),243,BB(3),352
FB(1),302,WB(2),353
GW(2),418,OO(3),353
WW(1),298,YO(1),353
YY(2),133,GR(2),353
FB(1),26,YO(1),354
GR(2),386,WB(2),355
GW(2),344,OB(2),355
BB(2),349,FB(1),356
FB(1),221,PG(1),356
FB(1),356,WW(2),356
FB(1),400,YO(1),356
FB(1),133,YO(1),357
GR(2),306,GG(2),357
YY(2),463,LB(2),357
FB(1),173,GG(2),358
RR(2),73,PG(1),358
WW(1),82,LB(2),358
WW(1),251,GW(2),358
GG(1),335,YO(1),359
WB(1),103,PG(1),359
GG(1),94,GW(2),360
OB(2),244,YO(1),360
PG(1),90,GG(2),360
PO(1),385,PG(1),360
PP(2),42,GR(2),360
FB(1),402,PG(1),361
GR(2),309,RW(1),362
GW(2),486,GR(2),362
WB(1),79,LB(2),362
FB(1),303,BB(3),363
LB(2),309,GG(2),363
RR(2),76,PG(1),363
YY(2),463,YO(1),363
FB(1),302,RW(1),364
LB(2),419,YO(1),364
PG(1),439,OO(3),364
YY(2),198,GG(2),364
GR(2),362,WB(2),365
LB(2),67,GG(2),365
YY(2),119,PG(1),365
GG(1),94,LB(2),366
GW(2),432,YO(1),366
RR(2),148,RW(1),366
LB(2),306,YO(1),367
WB(2),250,OO(3),367
GG(1),341,GW(2),368
PG(1),370,WW(2),368
RR(2),343,PG(1),368
YY(2),237,YY(3),369
GR(2),89,RW(1),370
OB(2),103,OO(3),370
PO(1),344,OB(2),370
YY(2),550,YY(3),370
GR(2),90,RW(1),371
PO(1),264,OB(2),371
WW(1),4,GW(2),371
WW(1),82,FB(1),371
YY(2),389,LB(2),371
FB(1),303,YO(1),372
WW(1),117,OB(2),372
YO(1),157,OO(3),372
OO(2),336,OB(2),373
LB(2),422,GG(2),374
YY(2),127,FB(1),374
FB(1),105,BB(3),375
GG(1),94,FB(1),375
WW(1),127,OB(2),375
YY(2),15,LB(2),375
YY(2),432,GW(2),375
GG(1),335,GR(2),376
PG(1),268,GG(2),376
RW(1),427,YY(3),376
YO(1),24,OO(3),376
YY(2),66,FB(1),376
BB(2),408,YO(1),377
WB(2),471,OO(3),377
GR(2),278,GG(2),378
YO(1),313,YY(3),378
BB(2),408,PG(1),379
LB(2),114,WB(2),379
PP(2),174,FB(1),379
PP(2),286,GR(2),380
BB(2),246,GW(2),381
BB(2),303,GR(2),381
FB(1),26,PG(1),381
OB(2),67,RW(1),381
PG(1),297,GG(2),381
RR(2),347,OB(2),381
RW(1),163,OO(3),381
PG(1),433,YY(3),382
PG(1),440,GG(2),382
RR(2),468,FB(1),382
GW(2),418,GG(2),383
GW(2),451,YO(1),383
FB(1),303,PG(1),384
FB(1),468,GG(2),384
PP(2),42,OB(2),384
WW(1),298,FB(1),384
YY(2),193,LB(2),384
OB(2),103,YY(3),385
RR(2),435,OB(2),385
YO(1),313,GG(2),385
YY(2),443,RW(1),385
OB(2),229,BB(3),386
YO(1),68,OO(3),386
FB(1),173,RW(1),387
GG(2),510,YY(3),387
GW(2),92,GR(2),387
YO(1),334,OO(3),387
OB(1),55,OB(2),388
WB(2),191,OO(3),388
RR(2),343,GR(2),389
RW(1),91,YY(3),389
YO(1),260,GG(2),389
YO(1),491,OO(3),389
YY(2),66,YO(1),389
PG(1),54,OO(3),391
WR(1),264,YO(1),391
OO(2),106,GR(2),392
WB(2),362,OO(3),392
FB(1),464,YO(1),393
OB(2),390,GG(2),393
OB(2),487,RW(1),393
YY(2),463,FB(1),393
GW(2),93,GG(2),395
WB(2),190,OO(3),395
WR(1),264,LB(2),395
WW(1),372,GR(2),395
FB(1),57,YY(3),396
RR(2),148,PG(1),396
YO(1),390,GG(2),396
GR(2),167,BB(3),397
GR(2),293,GG(2),397
LB(2),58,OO(3),397
LB(2),233,YO(1),397
LB(2),296,RW(1),397
FB(1),302,WW(2),398
GW(2),283,YO(1),398
OB(1),285,LB(2),398
GR(2),433,WB(2),399
OB(2),199,YY(3),399
GW(2),278,WB(2),400
RW(1),55,OO(3),400
YY(2),241,OB(2),400
YY(2),467,FB(1),400
OB(1),55,LB(2),401
PG(1),105,GG(2),401
RW(1),329,OO(3),401
GR(2),419,GG(2),402
LB(2),272,RW(1),402
OB(2),332,YO(1),402
GR(2),475,RW(1),403
WB(2),281,YY(3),403
GG(2),411,BB(3),404
PO(1),269,YO(1),404
PG(1),229,OO(3),405
YO(1),210,YY(3),405
GG(1),94,OB(2),406
GG(2),459,YY(3),406
GR(2),309,GG(2),406
OB(2),488,RW(1),406
RR(2),343,FB(1),406
WB(2),77,OO(3),406
OB(2),206,YY(3),407
PP(2),452,YO(1),407
YY(2),89,LB(2),407
BB(2),140,PG(1),408
OB(2),141,GG(2),408
RR(2),340,FB(1),408
YO(1),525,YY(3),408
LB(2),463,PG(1),409
OB(2),199,RW(1),409
OB(2),279,OO(3),409
OB(2),436,GG(2),409
YY(2),169,LB(2),409
WB(2),336,OO(3),410
LB(2),272,YO(1),411
PG(1),440,RW(1),411
YO(1),236,OO(3),411
PP(2),432,YO(1),412
BP(1),312,FB(1),413
PG(1),464,GG(2),413
RR(2),252,GR(2),413
YY(2),67,WB(2),413
GW(2),93,YO(1),414
LB(2),135,PG(1),414
OB(2),367,RW(1),414
OO(2),348,LB(2),414
PP(2),403,GR(2),414
YO(1),459,OO(3),414
PG(1),425,RW(1),415
PP(2),54,GR(2),415
WW(1),362,LB(2),415
YY(2),443,YO(1),415
FB(1),289,OO(3),416
GW(2),229,YO(1),416
GW(2),283,GR(2),417
PG(1),236,OO(3),417
RR(2),148,OB(2),417
WB(1),259,LB(2),417
WB(2),336,YY(3),417
YY(2),67,PG(1),417
GG(1),335,OB(2),418
LB(2),352,GR(2),418
GW(2),344,GR(2),419
YO(1),51,YY(3),419
BP(1),68,LB(2),420
GG(1),225,FB(1),420
GG(2),408,YY(3),420
OB(2),60,BB(3),420
YO(1),129,OO(3),420
OB(2),488,WW(2),421
WW(1),82,GW(2),421
BB(2),194,LB(2),422
RW(1),120,OO(3),422
YY(2),237,RW(1),422
BB(2),226,PG(1),423
BF(1),388,LB(2),423
LB(2),313,YO(1),423
PG(1),486,GG(2),423
YY(2),9,RW(1),423
GW(2),93,PG(1),424
OO(2),242,GW(2),424
RR(2),435,GR(2),424
LB(2),286,RW(1),425
PG(1),32,YY(3),425
RR(2),116,OO(3),425
BB(2),102,GR(2),426
GG(2),265,YY(3),426
YO(1),377,OO(3),426
YY(2),198,RW(1),426
GG(2),116,YY(3),427
RR(2),116,GG(2),427
RR(2),170,GR(2),427
LB(2),240,PG(1),428
LB(2),422,YO(1),428
RR(2),343,GG(2),428
WB(1),259,WB(2),428
YY(2),467,LB(2),428
FB(1),434,RW(1),429
PG(1),464,OO(3),429
FB(1),105,GG(2),430
GG(1),335,GW(2),430
GR(2),286,WW(2),430
OB(2),301,RW(1),430
PP(2),67,PG(1),430
PP(2),67,GR(2),430
FB(1),303,OO(3),431
GW(2),451,GG(2),431
PP(2),279,OB(2),431
YY(2),169,FB(1),431
GR(1),76,YO(1),432
GW(2),229,PG(1),432
YY(2),278,FB(1),432
BB(2),140,GR(2),433
BB(2),303,OB(2),433
BP(1),312,GW(2),433
RW(1),182,OO(3),433
YY(2),441,LB(2),433
OB(2),195,YO(1),434
YO(1),362,OO(3),434
BB(2),321,LB(2),436
FB(1),302,GG(2),436
LB(2),307,GR(2),436
WW(1),251,OB(2),437
WW(1),350,LB(2),437
YY(2),237,WB(2),437
FB(1),26,GG(2),438
GR(2),516,GG(2),439
RR(2),29,FB(1),439
YO(1),29,YY(3),439
YY(2),9,PG(1),439
OB(2),495,WW(2),440
YY(2),264,FB(1),440
GR(2),306,OO(3),441
PG(1),407,WW(2),441
YY(2),189,GR(2),441
BB(2),51,WW(2),442
GW(2),343,GR(2),442
LB(2),286,PG(1),442
OB(2),199,YO(1),442
BB(2),321,GW(2),443
OB(2),141,WB(2),443
PG(1),462,GG(2),443
WB(1),103,OB(2),443
PP(2),67,YO(1),444
LB(2),343,WB(2),445
PG(1),171,RW(1),445
FB(1),303,GG(2),446
LB(2),309,YO(1),446
OB(2),436,WB(2),446
BB(2),246,FB(1),447
OO(2),276,PG(1),447
PG(1),314,RW(1),448
RR(2),343,WB(2),448
RR(2),364,GG(2),448
RW(1),55,YY(3),448
RW(1),482,BB(3),448
WB(2),490,WW(2),448
FB(1),80,YO(1),449
LB(2),486,GG(2),449
OB(1),55,FB(1),449
FB(1),41,YO(1),450
GG(1),380,FB(1),450
GW(2),278,GR(2),450
OO(2),242,LB(2),450
PG(1),468,GG(2),450
OB(2),332,GG(2),451
PG(1),348,WW(2),451
RR(2),468,GR(2),451
BB(2),226,GR(2),452
FB(1),537,WB(2),452
PP(2),77,YO(1),452
WB(2),360,YY(3),452
PG(1),313,RW(1),453
GW(2),344,YO(1),454
GW(2),418,WW(2),454
GW(2),418,RW(1),454
OB(2),363,GG(2),454
BB(2),307,GW(2),455
GR(2),432,RW(1),455
RW(1),472,YY(3),455
GR(2),498,WB(2),456
LB(2),48,YO(1),456
PP(2),321,RW(1),456
RR(2),340,OB(2),457
WB(1),259,FB(1),457
YO(1),146,WW(2),457
LB(2),343,YO(1),458
GR(2),272,RW(1),459
PP(2),452,OO(3),459
OB(2),468,GG(2),460
PG(1),379,OO(3),460
RR(2),275,FB(1),460
WW(1),61,OB(2),460
YY(2),358,PG(1),460
RR(2),170,OB(2),461
RW(1),392,OO(3),461
FB(1),105,YO(1),462
OB(2),196,RW(1),462
YO(1),107,GG(2),462
YO(1),393,OO(3),462
LB(2),306,RW(1),464
OB(2),287,GG(2),464
RR(2),98,OB(2),464
YY(2),70,GR(2),464
BP(1),312,YO(1),465
BP(1),312,PG(1),465
OY(1),288,GR(2),466
RR(2),466,OB(2),466
PP(2),286,YO(1),467
GG(1),380,LB(2),468
GW(2),278,WW(2),468
GW(2),278,RW(1),468
WB(2),362,YY(3),468
WR(1),336,FB(1),468
GR(2),286,OO(3),469
PP(2),174,OB(2),469
BB(2),194,GW(2),470
LB(2),395,RW(1),470
OO(2),418,LB(2),471
PP(2),115,FB(1),471
BB(2),226,LB(2),472
LB(2),203,WB(2),472
OB(2),115,WB(2),473
RR(2),446,FB(1),473
BB(2),321,FB(1),474
GW(2),276,GR(2),474
PO(1),269,OB(2),474
YO(1),412,GG(2),474
YY(2),20,YY(3),474
OB(2),69,RW(1),475
RR(2),469,GR(2),475
GW(2),430,PG(1),476
WB(1),259,OB(2),476
GW(2),431,GR(2),478
WW(2),414,YY(3),478
RR(2),247,GG(2),479
GG(1),380,OB(2),480
GG(2),442,YY(3),480
LB(2),246,YO(1),480
OB(2),77,GG(2),480
OB(2),321,WB(2),480
GR(2),173,OO(3),481
LB(2),276,YO(1),481
OB(2),195,WW(2),481
RR(2),275,OB(2),481
YY(2),264,LB(2),481
OB(2),198,WB(2),482
BP(1),340,GW(2),483
GR(2),306,WB(2),483
LB(2),422,PG(1),483
RR(2),252,YO(1),483
GG(1),335,PG(1),484
RR(2),210,FB(1),484
FB(1),402,RW(1),485
PG(1),425,GG(2),485
PP(2),432,OO(3),485
OB(2),195,GG(2),486
YO(1),313,OO(3),487
PP(2),67,OB(2),488
GG(2),450,YY(3),489
LB(2),246,PG(1),489
PG(1),414,BB(3),489
PP(2),77,OO(3),489
LB(2),44,YY(3),490
PP(2),301,OB(2),490
YY(2),463,GR(2),490
GW(2),245,PG(1),491
WW(1),362,FB(1),491
YO(1),73,WW(2),492
GW(2),383,YO(1),493
OB(2),391,WB(2),494
OB(2),495,OO(3),494
GG(2),272,YY(3),495
OB(2),274,YO(1),495
RR(2),468,OB(2),495
YO(1),185,OO(3),495
FB(1),537,PG(1),496
GW(2),431,YO(1),496
YO(1),51,OO(3),496
LB(2),67,OO(3),497
FB(1),405,YO(1),498
GW(2),93,WB(2),498
RR(2),210,OB(2),498
RR(2),435,FB(1),498
RW(1),312,OO(3),499
PP(2),118,GR(2),501
YY(2),353,FB(1),501
PG(1),133,OO(3),502
LB(2),246,OO(3),503
OO(2),242,OB(2),503
PG(1),317,GG(2),503
RR(2),435,WB(2),503
WB(2),157,WW(2),503
YY(2),189,YO(1),503
GW(2),278,YO(1),504
PP(2),186,GG(2),504
RW(1),469,BB(3),504
WB(2),235,WW(2),504
LB(2),463,WB(2),505
RW(1),406,BB(3),505
GW(2),418,BB(3),506
YO(1),64,OO(3),506
PP(2),67,GG(2),507
WW(2),581,YY(3),507
RR(2),405,OO(3),509
RW(1),280,YY(3),512
OB(2),332,OO(3),513
OB(2),517,GG(2),513
PG(1),414,YY(3),514
WB(2),499,OO(3),514
YY(2),353,GR(2),514
RW(1),465,YY(3),515
GW(2),227,GR(2),516
PP(2),67,WB(2),516
WB(2),312,BB(3),518
OB(2),468,YY(3),520
GW(2),227,OB(2),524
WB(2),421,BB(3),526
GR(2),508,WB(2),529
LB(2),343,GG(2),529
GR(2),491,WB(2),533
OB(2),206,OO(3),533
WB(2),407,OO(3),534
LB(2),246,GG(2),535
WB(2),183,BB(3),535
PP(2),432,GG(2),537
GR(2),455,RW(1),538
PG(1),36,GG(2),538
FB(1),303,WB(2),539
OB(2),495,GG(2),541
RW(1),55,BB(3),541
GR(2),413,RW(1),542
PG(1),379,BB(3),542
OB(2),488,YY(3),543
OB(2),391,GG(2),544
OB(2),496,GG(2),546
FB(1),99,BB(3),547
GG(2),5,YY(3),548
GR(2),419,OO(3),548
GR(2),508,GG(2),548
LB(2),233,OO(3),550
OB(2),332,YY(3),550
RW(1),392,YY(3),551
WB(2),157,OO(3),551
FB(1),26,OO(3),552
GR(2),508,RW(1),553
OB(2),436,OO(3),557
GR(2),201,RW(1),559
RW(1),432,YY(3),563
GW(2),93,YY(3),564
RW(1),95,YY(3),568
GG(2),382,YY(3),569
GW(2),278,OO(3),569
OB(2),496,BB(3),569
GW(2),93,OO(3),571
OB(2),496,OO(3),574
RW(1),467,YY(3),574
GG(2),510,BB(3),576
GR(2),432,YY(3),580
PG(1),348,YY(3),583
RW(1),432,OO(3),587
GG(2),506,YY(3),591
OB(2),468,OO(3),591
WB(2),166,YY(3),600
GW(2),93,BB(3),606
OB(2),517,BB(3),611
WB(2),157,YY(3),614
GR(2),173,YY(3),620
FB(1),26,BB(3),625
RW(1),538,YY(3),641
WB(2),524,YY(3),643
YO(1),107,YY(3),644
OB(2),517,YY(3),806
GG(2),328,YY(3),809
GR(2),286,YY(3),817
LB(2),246,YY(3),821
RW(1),259,YY(3),822
OB(2),496,YY(3),828
RW(1),182,YY(3),829
RW(1),103,YY(3),830
FB(1),26,YY(3),845
RW(1),559,YY(3),853
